{"cameraMode":{"drawMode":0,"name":"Shaded","section":"Shading Mode"},"sceneLighting":true,"audioPlay":false,"sceneViewState":{"m_AlwaysRefresh":false,"showFog":true,"showSkybox":true,"showFlares":true,"showImageEffects":true,"showParticleSystems":true,"showVisualEffectGraphs":true,"m_FxEnabled":true},"in2DMode":false,"pivot":{"x":14.260652542114258,"y":-18.560291290283204,"z":23.54900360107422},"rotation":{"x":-0.27419012784957888,"y":-0.25378620624542239,"z":0.07526950538158417,"w":-0.9245343208312988},"size":18.385358810424806,"orthographic":false}