{"cameraMode":{"drawMode":0,"name":"Shaded","section":"Shading Mode"},"sceneLighting":true,"audioPlay":false,"sceneViewState":{"m_AlwaysRefresh":false,"showFog":true,"showSkybox":true,"showFlares":true,"showImageEffects":true,"showParticleSystems":true,"showVisualEffectGraphs":true,"m_FxEnabled":true},"in2DMode":false,"pivot":{"x":5.1601738929748539,"y":-3.124847173690796,"z":47.476993560791019},"rotation":{"x":-0.0542026162147522,"y":-0.054795317351818088,"z":0.002966666128486395,"w":-0.9970368146896362},"size":27.60154151916504,"orthographic":false}